{
  "created_at": "2026-02-25T17:17:03.558905Z",
  "models": {
    "ridge": {
      "cv_rmse": 0.6191974589811119
    },
    "svr": {
      "cv_rmse": 0.6464748637739031
    },
    "rf": {
      "cv_rmse": 0.6378600434316983
    },
    "gbr": {
      "cv_rmse": 0.617386501886745
    },
    "hgb": {
      "cv_rmse": 0.6215459548556446
    }
  },
  "best_name": "gbr",
  "best_cv_rmse": 0.617386501886745
}